,balance_before,age,amount,account_tenure_months
balance_before,1.0,-0.03880443598825696,0.05578073578073578,0.055269353353657166
age,-0.03880443598825696,1.0,-0.0041583810727034,-0.1286448536514337
amount,0.05578073578073578,-0.0041583810727034,1.0,0.0030843245874452962
account_tenure_months,0.055269353353657166,-0.1286448536514337,0.0030843245874452962,1.0
